,expirence,test_score,interview_score,Salary
0,8,10,10,80448.44158049594
1,5,7,5,55142.68903261783
2,9,8,7,72765.33758210324
3,12,9,8,85191.61116238323
4,15,10,10,100018.53244544704
5,7,6,7,63896.994892797265
6,13,7,10,89511.74567790967
7,9,8,8,75165.98528488707
8,18,10,10,108405.71424471181
9,1,3,5,37406.00365400589
