,year,PCI
0,2017,38803.29887020984
1,2018,39631.76394546521
2,2019,40460.22902072035
3,2020,41288.69409597549
4,2021,42117.159171230625
5,2022,42945.624246486
6,2023,43774.089321741136
7,2024,44602.554396996275
8,2025,45431.019472251646
9,2026,46259.484547506785
10,2027,47087.949622761924
11,2028,47916.41469801706
12,2029,48744.879773272434
13,2030,49573.34484852757
